{
  "MF": {
    "RMSE": 1.3766167675070666,
    "NDCG@5": 0.7720320666948726,
    "HR@5": 0.9390862944162437,
    "NDCG@10": 0.815933724301366,
    "HR@10": 0.9390862944162437,
    "NDCG@20": 0.8231860298659763,
    "HR@20": 0.9390862944162437,
    "train_time_sec": 1.4,
    "params": 9901
  },
  "GCN": {
    "RMSE": 1.1550927817851617,
    "NDCG@5": 0.7604359763134043,
    "HR@5": 0.9390862944162437,
    "NDCG@10": 0.8057892795193466,
    "HR@10": 0.9390862944162437,
    "NDCG@20": 0.8135004316861749,
    "HR@20": 0.9390862944162437,
    "train_time_sec": 10.14,
    "params": 64481
  },
  "Bi-Level GAT": {
    "RMSE": 1.1261237897288685,
    "NDCG@5": 0.7535588925806337,
    "HR@5": 0.9390862944162437,
    "NDCG@10": 0.7995705403139418,
    "HR@10": 0.9390862944162437,
    "NDCG@20": 0.8053399503792957,
    "HR@20": 0.9390862944162437,
    "train_time_sec": 37.39,
    "params": 93537
  }
}