{
  "RMSE": 1.1246862616945759,
  "NDCG@5": 0.7540244825261524,
  "HR@5": 0.9390862944162437,
  "NDCG@10": 0.7964097779265168,
  "HR@10": 0.9390862944162437,
  "NDCG@20": 0.8031247881474909,
  "HR@20": 0.9390862944162437
}